Name,Email
User 1,User1@example.com
User 2,User2@example.com
User 3,User3@example.com
User 4,User4@example.com
User 5,User5@example.com
User 6,User6@example.com
User 7,User7@example.com
User 8,User8@example.com
User 9,User9@example.com
User 10,User10@example.com
User 11,User11@example.com
User 12,User12@example.com
User 13,User13@example.com
User 14,User14@example.com
User 15,User15@example.com
User 16,User16@example.com
User 17,User17@example.com
User 18,User18@example.com
User 19,User19@example.com
User 20,User20@example.com
User 21,User21@example.com
User 22,User22@example.com
User 23,User23@example.com
User 24,User24@example.com
User 25,User25@example.com
